"filename", "language", "HTML", "Properties", "Docker", "TypeScript", "JSON with Comments", "JSON", "JavaScript", "Markdown", "TypeScript JSX", "CSS", "comment", "blank", "total"
"c:\Users\kevin\OneDrive\Desktop\Proyecto de Programación\Proyectos Personales\webBCommerce\BCommerceFontEnd\.env", "Properties", 0, 2, 0, 0, 0, 0, 0, 0, 0, 0, 0, 1, 3
"c:\Users\kevin\OneDrive\Desktop\Proyecto de Programación\Proyectos Personales\webBCommerce\BCommerceFontEnd\Dockerfile", "Docker", 0, 0, 19, 0, 0, 0, 0, 0, 0, 0, 0, 3, 22
"c:\Users\kevin\OneDrive\Desktop\Proyecto de Programación\Proyectos Personales\webBCommerce\BCommerceFontEnd\README.md", "Markdown", 0, 0, 0, 0, 0, 0, 0, 58, 0, 0, 0, 31, 89
"c:\Users\kevin\OneDrive\Desktop\Proyecto de Programación\Proyectos Personales\webBCommerce\BCommerceFontEnd\index.html", "HTML", 13, 0, 0, 0, 0, 0, 0, 0, 0, 0, 0, 0, 13
"c:\Users\kevin\OneDrive\Desktop\Proyecto de Programación\Proyectos Personales\webBCommerce\BCommerceFontEnd\package-lock.json", "JSON", 0, 0, 0, 0, 0, 5156, 0, 0, 0, 0, 0, 1, 5157
"c:\Users\kevin\OneDrive\Desktop\Proyecto de Programación\Proyectos Personales\webBCommerce\BCommerceFontEnd\package.json", "JSON", 0, 0, 0, 0, 0, 53, 0, 0, 0, 0, 0, 1, 54
"c:\Users\kevin\OneDrive\Desktop\Proyecto de Programación\Proyectos Personales\webBCommerce\BCommerceFontEnd\public\SeviceWorker.js", "JavaScript", 0, 0, 0, 0, 0, 0, 119, 0, 0, 0, 26, 30, 175
"c:\Users\kevin\OneDrive\Desktop\Proyecto de Programación\Proyectos Personales\webBCommerce\BCommerceFontEnd\react-router.config.ts", "TypeScript", 0, 0, 0, 4, 0, 0, 0, 0, 0, 0, 2, 2, 8
"c:\Users\kevin\OneDrive\Desktop\Proyecto de Programación\Proyectos Personales\webBCommerce\BCommerceFontEnd\src\App.tsx", "TypeScript JSX", 0, 0, 0, 0, 0, 0, 0, 0, 20, 0, 3, 4, 27
"c:\Users\kevin\OneDrive\Desktop\Proyecto de Programación\Proyectos Personales\webBCommerce\BCommerceFontEnd\src\config\appConfig.ts", "TypeScript", 0, 0, 0, 52, 0, 0, 0, 0, 0, 0, 6, 2, 60
"c:\Users\kevin\OneDrive\Desktop\Proyecto de Programación\Proyectos Personales\webBCommerce\BCommerceFontEnd\src\config\environment.ts", "TypeScript", 0, 0, 0, 20, 0, 0, 0, 0, 0, 0, 2, 3, 25
"c:\Users\kevin\OneDrive\Desktop\Proyecto de Programación\Proyectos Personales\webBCommerce\BCommerceFontEnd\src\constants\apiEndpoints.ts", "TypeScript", 0, 0, 0, 169, 0, 0, 0, 0, 0, 0, 30, 23, 222
"c:\Users\kevin\OneDrive\Desktop\Proyecto de Programación\Proyectos Personales\webBCommerce\BCommerceFontEnd\src\constants\routes.ts", "TypeScript", 0, 0, 0, 64, 0, 0, 0, 0, 0, 0, 18, 7, 89
"c:\Users\kevin\OneDrive\Desktop\Proyecto de Programación\Proyectos Personales\webBCommerce\BCommerceFontEnd\src\core\domain\entities\Accounting.ts", "TypeScript", 0, 0, 0, 164, 0, 0, 0, 0, 0, 0, 51, 15, 230
"c:\Users\kevin\OneDrive\Desktop\Proyecto de Programación\Proyectos Personales\webBCommerce\BCommerceFontEnd\src\core\domain\entities\Category.ts", "TypeScript", 0, 0, 0, 58, 0, 0, 0, 0, 0, 0, 17, 7, 82
"c:\Users\kevin\OneDrive\Desktop\Proyecto de Programación\Proyectos Personales\webBCommerce\BCommerceFontEnd\src\core\domain\entities\DescountCode.ts", "TypeScript", 0, 0, 0, 67, 0, 0, 0, 0, 0, 0, 25, 7, 99
"c:\Users\kevin\OneDrive\Desktop\Proyecto de Programación\Proyectos Personales\webBCommerce\BCommerceFontEnd\src\core\domain\entities\Favorite.ts", "TypeScript", 0, 0, 0, 51, 0, 0, 0, 0, 0, 0, 22, 6, 79
"c:\Users\kevin\OneDrive\Desktop\Proyecto de Programación\Proyectos Personales\webBCommerce\BCommerceFontEnd\src\core\domain\entities\Feedback.ts", "TypeScript", 0, 0, 0, 91, 0, 0, 0, 0, 0, 0, 25, 7, 123
"c:\Users\kevin\OneDrive\Desktop\Proyecto de Programación\Proyectos Personales\webBCommerce\BCommerceFontEnd\src\core\domain\entities\Invoice.ts", "TypeScript", 0, 0, 0, 122, 0, 0, 0, 0, 0, 0, 40, 11, 173
"c:\Users\kevin\OneDrive\Desktop\Proyecto de Programación\Proyectos Personales\webBCommerce\BCommerceFontEnd\src\core\domain\entities\Message.ts", "TypeScript", 0, 0, 0, 108, 0, 0, 0, 0, 0, 0, 38, 11, 157
"c:\Users\kevin\OneDrive\Desktop\Proyecto de Programación\Proyectos Personales\webBCommerce\BCommerceFontEnd\src\core\domain\entities\Notification.ts", "TypeScript", 0, 0, 0, 56, 0, 0, 0, 0, 0, 0, 24, 7, 87
"c:\Users\kevin\OneDrive\Desktop\Proyecto de Programación\Proyectos Personales\webBCommerce\BCommerceFontEnd\src\core\domain\entities\Order.ts", "TypeScript", 0, 0, 0, 87, 0, 0, 0, 0, 0, 0, 32, 9, 128
"c:\Users\kevin\OneDrive\Desktop\Proyecto de Programación\Proyectos Personales\webBCommerce\BCommerceFontEnd\src\core\domain\entities\Product.ts", "TypeScript", 0, 0, 0, 100, 0, 0, 0, 0, 0, 0, 18, 7, 125
"c:\Users\kevin\OneDrive\Desktop\Proyecto de Programación\Proyectos Personales\webBCommerce\BCommerceFontEnd\src\core\domain\entities\Rating.ts", "TypeScript", 0, 0, 0, 84, 0, 0, 0, 0, 0, 0, 25, 7, 116
"c:\Users\kevin\OneDrive\Desktop\Proyecto de Programación\Proyectos Personales\webBCommerce\BCommerceFontEnd\src\core\domain\entities\Seller.ts", "TypeScript", 0, 0, 0, 85, 0, 0, 0, 0, 0, 0, 30, 8, 123
"c:\Users\kevin\OneDrive\Desktop\Proyecto de Programación\Proyectos Personales\webBCommerce\BCommerceFontEnd\src\core\domain\entities\ShoppingCart.ts", "TypeScript", 0, 0, 0, 65, 0, 0, 0, 0, 0, 0, 33, 10, 108
"c:\Users\kevin\OneDrive\Desktop\Proyecto de Programación\Proyectos Personales\webBCommerce\BCommerceFontEnd\src\core\domain\entities\User.ts", "TypeScript", 0, 0, 0, 70, 0, 0, 0, 0, 0, 0, 27, 8, 105
"c:\Users\kevin\OneDrive\Desktop\Proyecto de Programación\Proyectos Personales\webBCommerce\BCommerceFontEnd\src\core\domain\entities\UserInteraction.ts", "TypeScript", 0, 0, 0, 99, 0, 0, 0, 0, 0, 0, 30, 9, 138
"c:\Users\kevin\OneDrive\Desktop\Proyecto de Programación\Proyectos Personales\webBCommerce\BCommerceFontEnd\src\core\domain\interfaces\IProductService.ts", "TypeScript", 0, 0, 0, 19, 0, 0, 0, 0, 0, 0, 30, 9, 58
"c:\Users\kevin\OneDrive\Desktop\Proyecto de Programación\Proyectos Personales\webBCommerce\BCommerceFontEnd\src\core\domain\interfaces\IUserRepository.ts", "TypeScript", 0, 0, 0, 16, 0, 0, 0, 0, 0, 0, 24, 7, 47
"c:\Users\kevin\OneDrive\Desktop\Proyecto de Programación\Proyectos Personales\webBCommerce\BCommerceFontEnd\src\core\domain\valueObjects\Address.ts", "TypeScript", 0, 0, 0, 0, 0, 0, 0, 0, 0, 0, 0, 1, 1
"c:\Users\kevin\OneDrive\Desktop\Proyecto de Programación\Proyectos Personales\webBCommerce\BCommerceFontEnd\src\core\domain\valueObjects\Money.ts", "TypeScript", 0, 0, 0, 0, 0, 0, 0, 0, 0, 0, 0, 1, 1
"c:\Users\kevin\OneDrive\Desktop\Proyecto de Programación\Proyectos Personales\webBCommerce\BCommerceFontEnd\src\core\services\AuthService.ts", "TypeScript", 0, 0, 0, 329, 0, 0, 0, 0, 0, 0, 87, 80, 496
"c:\Users\kevin\OneDrive\Desktop\Proyecto de Programación\Proyectos Personales\webBCommerce\BCommerceFontEnd\src\core\services\CategoryService.ts", "TypeScript", 0, 0, 0, 337, 0, 0, 0, 0, 0, 0, 54, 67, 458
"c:\Users\kevin\OneDrive\Desktop\Proyecto de Programación\Proyectos Personales\webBCommerce\BCommerceFontEnd\src\core\services\ProductService.ts", "TypeScript", 0, 0, 0, 356, 0, 0, 0, 0, 0, 0, 61, 54, 471
"c:\Users\kevin\OneDrive\Desktop\Proyecto de Programación\Proyectos Personales\webBCommerce\BCommerceFontEnd\src\core\services\RecommendationService.ts", "TypeScript", 0, 0, 0, 0, 0, 0, 0, 0, 0, 0, 0, 1, 1
"c:\Users\kevin\OneDrive\Desktop\Proyecto de Programación\Proyectos Personales\webBCommerce\BCommerceFontEnd\src\core\useCases\product\CreateProductUseCase.ts", "TypeScript", 0, 0, 0, 0, 0, 0, 0, 0, 0, 0, 0, 1, 1
"c:\Users\kevin\OneDrive\Desktop\Proyecto de Programación\Proyectos Personales\webBCommerce\BCommerceFontEnd\src\core\useCases\product\GetProductDetailsUseCase.ts", "TypeScript", 0, 0, 0, 0, 0, 0, 0, 0, 0, 0, 0, 1, 1
"c:\Users\kevin\OneDrive\Desktop\Proyecto de Programación\Proyectos Personales\webBCommerce\BCommerceFontEnd\src\core\useCases\product\SearchProductsUseCase.ts", "TypeScript", 0, 0, 0, 11, 0, 0, 0, 0, 0, 0, 2, 3, 16
"c:\Users\kevin\OneDrive\Desktop\Proyecto de Programación\Proyectos Personales\webBCommerce\BCommerceFontEnd\src\core\useCases\user\LoginUseCase.ts", "TypeScript", 0, 0, 0, 33, 0, 0, 0, 0, 0, 0, 15, 9, 57
"c:\Users\kevin\OneDrive\Desktop\Proyecto de Programación\Proyectos Personales\webBCommerce\BCommerceFontEnd\src\core\useCases\user\RegisterUseCase.ts", "TypeScript", 0, 0, 0, 36, 0, 0, 0, 0, 0, 0, 16, 10, 62
"c:\Users\kevin\OneDrive\Desktop\Proyecto de Programación\Proyectos Personales\webBCommerce\BCommerceFontEnd\src\core\useCases\user\UpdateProfileUseCase.ts", "TypeScript", 0, 0, 0, 30, 0, 0, 0, 0, 0, 0, 14, 7, 51
"c:\Users\kevin\OneDrive\Desktop\Proyecto de Programación\Proyectos Personales\webBCommerce\BCommerceFontEnd\src\infrastructure\api\apiClient.ts", "TypeScript", 0, 0, 0, 214, 0, 0, 0, 0, 0, 0, 87, 56, 357
"c:\Users\kevin\OneDrive\Desktop\Proyecto de Programación\Proyectos Personales\webBCommerce\BCommerceFontEnd\src\infrastructure\api\axiosConfig.ts", "TypeScript", 0, 0, 0, 107, 0, 0, 0, 0, 0, 0, 23, 28, 158
"c:\Users\kevin\OneDrive\Desktop\Proyecto de Programación\Proyectos Personales\webBCommerce\BCommerceFontEnd\src\infrastructure\api\endpoints.ts", "TypeScript", 0, 0, 0, 0, 0, 0, 0, 0, 0, 0, 0, 1, 1
"c:\Users\kevin\OneDrive\Desktop\Proyecto de Programación\Proyectos Personales\webBCommerce\BCommerceFontEnd\src\infrastructure\repositories\HttpProductRepository.ts", "TypeScript", 0, 0, 0, 0, 0, 0, 0, 0, 0, 0, 0, 1, 1
"c:\Users\kevin\OneDrive\Desktop\Proyecto de Programación\Proyectos Personales\webBCommerce\BCommerceFontEnd\src\infrastructure\repositories\HttpUserRepository.ts", "TypeScript", 0, 0, 0, 47, 0, 0, 0, 0, 0, 0, 6, 8, 61
"c:\Users\kevin\OneDrive\Desktop\Proyecto de Programación\Proyectos Personales\webBCommerce\BCommerceFontEnd\src\infrastructure\services\CacheService.ts", "TypeScript", 0, 0, 0, 41, 0, 0, 0, 0, 0, 0, 24, 8, 73
"c:\Users\kevin\OneDrive\Desktop\Proyecto de Programación\Proyectos Personales\webBCommerce\BCommerceFontEnd\src\infrastructure\services\HttpAuthService.ts", "TypeScript", 0, 0, 0, 0, 0, 0, 0, 0, 0, 0, 0, 1, 1
"c:\Users\kevin\OneDrive\Desktop\Proyecto de Programación\Proyectos Personales\webBCommerce\BCommerceFontEnd\src\infrastructure\services\LocalStorageService.ts", "TypeScript", 0, 0, 0, 48, 0, 0, 0, 0, 0, 0, 29, 6, 83
"c:\Users\kevin\OneDrive\Desktop\Proyecto de Programación\Proyectos Personales\webBCommerce\BCommerceFontEnd\src\infrastructure\services\PrefetchService.ts", "TypeScript", 0, 0, 0, 117, 0, 0, 0, 0, 0, 0, 32, 21, 170
"c:\Users\kevin\OneDrive\Desktop\Proyecto de Programación\Proyectos Personales\webBCommerce\BCommerceFontEnd\src\infrastructure\services\RoleService.ts", "TypeScript", 0, 0, 0, 79, 0, 0, 0, 0, 0, 0, 29, 16, 124
"c:\Users\kevin\OneDrive\Desktop\Proyecto de Programación\Proyectos Personales\webBCommerce\BCommerceFontEnd\src\main.tsx", "TypeScript JSX", 0, 0, 0, 0, 0, 0, 0, 0, 55, 0, 5, 5, 65
"c:\Users\kevin\OneDrive\Desktop\Proyecto de Programación\Proyectos Personales\webBCommerce\BCommerceFontEnd\src\presentation\components\FAQ\FAQBase.tsx", "TypeScript JSX", 0, 0, 0, 0, 0, 0, 0, 0, 139, 0, 13, 17, 169
"c:\Users\kevin\OneDrive\Desktop\Proyecto de Programación\Proyectos Personales\webBCommerce\BCommerceFontEnd\src\presentation\components\common\ApiChecker.tsx", "TypeScript JSX", 0, 0, 0, 0, 0, 0, 0, 0, 141, 0, 5, 20, 166
"c:\Users\kevin\OneDrive\Desktop\Proyecto de Programación\Proyectos Personales\webBCommerce\BCommerceFontEnd\src\presentation\components\common\ApiDebugger.tsx", "TypeScript JSX", 0, 0, 0, 0, 0, 0, 0, 0, 203, 0, 23, 25, 251
"c:\Users\kevin\OneDrive\Desktop\Proyecto de Programación\Proyectos Personales\webBCommerce\BCommerceFontEnd\src\presentation\components\common\Button.tsx", "TypeScript JSX", 0, 0, 0, 0, 0, 0, 0, 0, 0, 0, 0, 1, 1
"c:\Users\kevin\OneDrive\Desktop\Proyecto de Programación\Proyectos Personales\webBCommerce\BCommerceFontEnd\src\presentation\components\common\Categories.tsx", "TypeScript JSX", 0, 0, 0, 0, 0, 0, 0, 0, 45, 0, 0, 7, 52
"c:\Users\kevin\OneDrive\Desktop\Proyecto de Programación\Proyectos Personales\webBCommerce\BCommerceFontEnd\src\presentation\components\common\Footer.tsx", "TypeScript JSX", 0, 0, 0, 0, 0, 0, 0, 0, 162, 0, 12, 15, 189
"c:\Users\kevin\OneDrive\Desktop\Proyecto de Programación\Proyectos Personales\webBCommerce\BCommerceFontEnd\src\presentation\components\common\Header.tsx", "TypeScript JSX", 0, 0, 0, 0, 0, 0, 0, 0, 342, 0, 30, 32, 404
"c:\Users\kevin\OneDrive\Desktop\Proyecto de Programación\Proyectos Personales\webBCommerce\BCommerceFontEnd\src\presentation\components\common\ImageSlider.tsx", "TypeScript JSX", 0, 0, 0, 0, 0, 0, 0, 0, 92, 0, 9, 14, 115
"c:\Users\kevin\OneDrive\Desktop\Proyecto de Programación\Proyectos Personales\webBCommerce\BCommerceFontEnd\src\presentation\components\common\Input.tsx", "TypeScript JSX", 0, 0, 0, 0, 0, 0, 0, 0, 0, 0, 0, 1, 1
"c:\Users\kevin\OneDrive\Desktop\Proyecto de Programación\Proyectos Personales\webBCommerce\BCommerceFontEnd\src\presentation\components\common\PriceRangeInput.tsx", "TypeScript JSX", 0, 0, 0, 0, 0, 0, 0, 0, 71, 0, 4, 10, 85
"c:\Users\kevin\OneDrive\Desktop\Proyecto de Programación\Proyectos Personales\webBCommerce\BCommerceFontEnd\src\presentation\components\common\ProductCards.tsx", "TypeScript JSX", 0, 0, 0, 0, 0, 0, 0, 0, 90, 0, 9, 10, 109
"c:\Users\kevin\OneDrive\Desktop\Proyecto de Programación\Proyectos Personales\webBCommerce\BCommerceFontEnd\src\presentation\components\common\RatingStars.tsx", "TypeScript JSX", 0, 0, 0, 0, 0, 0, 0, 0, 60, 0, 2, 7, 69
"c:\Users\kevin\OneDrive\Desktop\Proyecto de Programación\Proyectos Personales\webBCommerce\BCommerceFontEnd\src\presentation\components\common\TextSlider.tsx", "TypeScript JSX", 0, 0, 0, 0, 0, 0, 0, 0, 72, 0, 5, 11, 88
"c:\Users\kevin\OneDrive\Desktop\Proyecto de Programación\Proyectos Personales\webBCommerce\BCommerceFontEnd\src\presentation\components\common\ThemeToggle.tsx", "TypeScript JSX", 0, 0, 0, 0, 0, 0, 0, 0, 24, 0, 3, 4, 31
"c:\Users\kevin\OneDrive\Desktop\Proyecto de Programación\Proyectos Personales\webBCommerce\BCommerceFontEnd\src\presentation\components\common\WhyUs.tsx", "TypeScript JSX", 0, 0, 0, 0, 0, 0, 0, 0, 36, 0, 0, 5, 41
"c:\Users\kevin\OneDrive\Desktop\Proyecto de Programación\Proyectos Personales\webBCommerce\BCommerceFontEnd\src\presentation\components\dashboard\BaseDashboardLayout.tsx", "TypeScript JSX", 0, 0, 0, 0, 0, 0, 0, 0, 69, 0, 22, 16, 107
"c:\Users\kevin\OneDrive\Desktop\Proyecto de Programación\Proyectos Personales\webBCommerce\BCommerceFontEnd\src\presentation\components\dashboard\DashboardContext.tsx", "TypeScript JSX", 0, 0, 0, 0, 0, 0, 0, 0, 146, 0, 27, 34, 207
"c:\Users\kevin\OneDrive\Desktop\Proyecto de Programación\Proyectos Personales\webBCommerce\BCommerceFontEnd\src\presentation\components\dashboard\DashboardFooter.tsx", "TypeScript JSX", 0, 0, 0, 0, 0, 0, 0, 0, 35, 0, 13, 7, 55
"c:\Users\kevin\OneDrive\Desktop\Proyecto de Programación\Proyectos Personales\webBCommerce\BCommerceFontEnd\src\presentation\components\dashboard\DashboardHeader.tsx", "TypeScript JSX", 0, 0, 0, 0, 0, 0, 0, 0, 260, 0, 20, 27, 307
"c:\Users\kevin\OneDrive\Desktop\Proyecto de Programación\Proyectos Personales\webBCommerce\BCommerceFontEnd\src\presentation\components\dashboard\DashboardPagination.tsx", "TypeScript JSX", 0, 0, 0, 0, 0, 0, 0, 0, 88, 0, 3, 15, 106
"c:\Users\kevin\OneDrive\Desktop\Proyecto de Programación\Proyectos Personales\webBCommerce\BCommerceFontEnd\src\presentation\components\dashboard\GroupLinkSideBar.tsx", "TypeScript JSX", 0, 0, 0, 0, 0, 0, 0, 0, 32, 0, 0, 9, 41
"c:\Users\kevin\OneDrive\Desktop\Proyecto de Programación\Proyectos Personales\webBCommerce\BCommerceFontEnd\src\presentation\components\dashboard\LinkSideBar.tsx", "TypeScript JSX", 0, 0, 0, 0, 0, 0, 0, 0, 36, 0, 0, 8, 44
"c:\Users\kevin\OneDrive\Desktop\Proyecto de Programación\Proyectos Personales\webBCommerce\BCommerceFontEnd\src\presentation\components\dashboard\SideBar.tsx", "TypeScript JSX", 0, 0, 0, 0, 0, 0, 0, 0, 98, 0, 20, 13, 131
"c:\Users\kevin\OneDrive\Desktop\Proyecto de Programación\Proyectos Personales\webBCommerce\BCommerceFontEnd\src\presentation\components\dashboard\Table.tsx", "TypeScript JSX", 0, 0, 0, 0, 0, 0, 0, 0, 197, 0, 9, 16, 222
"c:\Users\kevin\OneDrive\Desktop\Proyecto de Programación\Proyectos Personales\webBCommerce\BCommerceFontEnd\src\presentation\components\dashboard\index.ts", "TypeScript", 0, 0, 0, 12, 0, 0, 0, 0, 0, 0, 3, 4, 19
"c:\Users\kevin\OneDrive\Desktop\Proyecto de Programación\Proyectos Personales\webBCommerce\BCommerceFontEnd\src\presentation\components\product\ActiveFilters.tsx", "TypeScript JSX", 0, 0, 0, 0, 0, 0, 0, 0, 135, 0, 8, 12, 155
"c:\Users\kevin\OneDrive\Desktop\Proyecto de Programación\Proyectos Personales\webBCommerce\BCommerceFontEnd\src\presentation\components\product\CategoriesCarousel.tsx", "TypeScript JSX", 0, 0, 0, 0, 0, 0, 0, 0, 167, 0, 14, 19, 200
"c:\Users\kevin\OneDrive\Desktop\Proyecto de Programación\Proyectos Personales\webBCommerce\BCommerceFontEnd\src\presentation\components\product\CategoriesProduct.tsx", "TypeScript JSX", 0, 0, 0, 0, 0, 0, 0, 0, 53, 0, 3, 8, 64
"c:\Users\kevin\OneDrive\Desktop\Proyecto de Programación\Proyectos Personales\webBCommerce\BCommerceFontEnd\src\presentation\components\product\CategoryFilterSection.tsx", "TypeScript JSX", 0, 0, 0, 0, 0, 0, 0, 0, 123, 0, 3, 15, 141
"c:\Users\kevin\OneDrive\Desktop\Proyecto de Programación\Proyectos Personales\webBCommerce\BCommerceFontEnd\src\presentation\components\product\DiscountFilterSection.tsx", "TypeScript JSX", 0, 0, 0, 0, 0, 0, 0, 0, 64, 0, 3, 5, 72
"c:\Users\kevin\OneDrive\Desktop\Proyecto de Programación\Proyectos Personales\webBCommerce\BCommerceFontEnd\src\presentation\components\product\FilterSection.tsx", "TypeScript JSX", 0, 0, 0, 0, 0, 0, 0, 0, 35, 0, 3, 4, 42
"c:\Users\kevin\OneDrive\Desktop\Proyecto de Programación\Proyectos Personales\webBCommerce\BCommerceFontEnd\src\presentation\components\product\MobileFilterPanel.tsx", "TypeScript JSX", 0, 0, 0, 0, 0, 0, 0, 0, 171, 0, 10, 14, 195
"c:\Users\kevin\OneDrive\Desktop\Proyecto de Programación\Proyectos Personales\webBCommerce\BCommerceFontEnd\src\presentation\components\product\MobilePagination.tsx", "TypeScript JSX", 0, 0, 0, 0, 0, 0, 0, 0, 85, 0, 16, 13, 114
"c:\Users\kevin\OneDrive\Desktop\Proyecto de Programación\Proyectos Personales\webBCommerce\BCommerceFontEnd\src\presentation\components\product\Pagination.tsx", "TypeScript JSX", 0, 0, 0, 0, 0, 0, 0, 0, 92, 0, 10, 15, 117
"c:\Users\kevin\OneDrive\Desktop\Proyecto de Programación\Proyectos Personales\webBCommerce\BCommerceFontEnd\src\presentation\components\product\PriceFilterSection.tsx", "TypeScript JSX", 0, 0, 0, 0, 0, 0, 0, 0, 136, 0, 5, 11, 152
"c:\Users\kevin\OneDrive\Desktop\Proyecto de Programación\Proyectos Personales\webBCommerce\BCommerceFontEnd\src\presentation\components\product\ProductCardCompact.tsx", "TypeScript JSX", 0, 0, 0, 0, 0, 0, 0, 0, 130, 0, 11, 13, 154
"c:\Users\kevin\OneDrive\Desktop\Proyecto de Programación\Proyectos Personales\webBCommerce\BCommerceFontEnd\src\presentation\components\product\ProductCarousel.tsx", "TypeScript JSX", 0, 0, 0, 0, 0, 0, 0, 0, 212, 0, 23, 19, 254
"c:\Users\kevin\OneDrive\Desktop\Proyecto de Programación\Proyectos Personales\webBCommerce\BCommerceFontEnd\src\presentation\components\product\ProductFilters.tsx", "TypeScript JSX", 0, 0, 0, 0, 0, 0, 0, 0, 356, 0, 22, 31, 409
"c:\Users\kevin\OneDrive\Desktop\Proyecto de Programación\Proyectos Personales\webBCommerce\BCommerceFontEnd\src\presentation\components\product\ProductGrid.tsx", "TypeScript JSX", 0, 0, 0, 0, 0, 0, 0, 0, 140, 0, 10, 12, 162
"c:\Users\kevin\OneDrive\Desktop\Proyecto de Programación\Proyectos Personales\webBCommerce\BCommerceFontEnd\src\presentation\components\product\ProductList.tsx", "TypeScript JSX", 0, 0, 0, 0, 0, 0, 0, 0, 0, 0, 0, 1, 1
"c:\Users\kevin\OneDrive\Desktop\Proyecto de Programación\Proyectos Personales\webBCommerce\BCommerceFontEnd\src\presentation\components\product\RatingFilterSection.tsx", "TypeScript JSX", 0, 0, 0, 0, 0, 0, 0, 0, 68, 0, 4, 5, 77
"c:\Users\kevin\OneDrive\Desktop\Proyecto de Programación\Proyectos Personales\webBCommerce\BCommerceFontEnd\src\presentation\components\product\SearchBar.tsx", "TypeScript JSX", 0, 0, 0, 0, 0, 0, 0, 0, 71, 0, 5, 9, 85
"c:\Users\kevin\OneDrive\Desktop\Proyecto de Programación\Proyectos Personales\webBCommerce\BCommerceFontEnd\src\presentation\components\product\SimplePagination.tsx", "TypeScript JSX", 0, 0, 0, 0, 0, 0, 0, 0, 48, 0, 4, 6, 58
"c:\Users\kevin\OneDrive\Desktop\Proyecto de Programación\Proyectos Personales\webBCommerce\BCommerceFontEnd\src\presentation\components\product\SortDropdown.tsx", "TypeScript JSX", 0, 0, 0, 0, 0, 0, 0, 0, 73, 0, 3, 11, 87
"c:\Users\kevin\OneDrive\Desktop\Proyecto de Programación\Proyectos Personales\webBCommerce\BCommerceFontEnd\src\presentation\components\profile\OrdersTab.tsx", "TypeScript JSX", 0, 0, 0, 0, 0, 0, 0, 0, 200, 0, 11, 19, 230
"c:\Users\kevin\OneDrive\Desktop\Proyecto de Programación\Proyectos Personales\webBCommerce\BCommerceFontEnd\src\presentation\components\profile\PersonalInfoTab.tsx", "TypeScript JSX", 0, 0, 0, 0, 0, 0, 0, 0, 296, 0, 19, 33, 348
"c:\Users\kevin\OneDrive\Desktop\Proyecto de Programación\Proyectos Personales\webBCommerce\BCommerceFontEnd\src\presentation\components\profile\ProfileSidebar.tsx", "TypeScript JSX", 0, 0, 0, 0, 0, 0, 0, 0, 150, 0, 9, 10, 169
"c:\Users\kevin\OneDrive\Desktop\Proyecto de Programación\Proyectos Personales\webBCommerce\BCommerceFontEnd\src\presentation\components\profile\SecurityTab.tsx", "TypeScript JSX", 0, 0, 0, 0, 0, 0, 0, 0, 203, 0, 13, 22, 238
"c:\Users\kevin\OneDrive\Desktop\Proyecto de Programación\Proyectos Personales\webBCommerce\BCommerceFontEnd\src\presentation\components\user\LoginForm.tsx", "TypeScript JSX", 0, 0, 0, 0, 0, 0, 0, 0, 0, 0, 0, 1, 1
"c:\Users\kevin\OneDrive\Desktop\Proyecto de Programación\Proyectos Personales\webBCommerce\BCommerceFontEnd\src\presentation\components\user\ProfileCard.tsx", "TypeScript JSX", 0, 0, 0, 0, 0, 0, 0, 0, 0, 0, 0, 1, 1
"c:\Users\kevin\OneDrive\Desktop\Proyecto de Programación\Proyectos Personales\webBCommerce\BCommerceFontEnd\src\presentation\contexts\AuthContext.tsx", "TypeScript JSX", 0, 0, 0, 0, 0, 0, 0, 0, 238, 0, 34, 38, 310
"c:\Users\kevin\OneDrive\Desktop\Proyecto de Programación\Proyectos Personales\webBCommerce\BCommerceFontEnd\src\presentation\contexts\CartContext.tsx", "TypeScript JSX", 0, 0, 0, 0, 0, 0, 0, 0, 452, 0, 46, 61, 559
"c:\Users\kevin\OneDrive\Desktop\Proyecto de Programación\Proyectos Personales\webBCommerce\BCommerceFontEnd\src\presentation\contexts\FavoriteContext.tsx", "TypeScript JSX", 0, 0, 0, 0, 0, 0, 0, 0, 106, 0, 6, 16, 128
"c:\Users\kevin\OneDrive\Desktop\Proyecto de Programación\Proyectos Personales\webBCommerce\BCommerceFontEnd\src\presentation\contexts\NotificationContext.tsx", "TypeScript JSX", 0, 0, 0, 0, 0, 0, 0, 0, 121, 0, 9, 22, 152
"c:\Users\kevin\OneDrive\Desktop\Proyecto de Programación\Proyectos Personales\webBCommerce\BCommerceFontEnd\src\presentation\contexts\ThemeContext.tsx", "TypeScript JSX", 0, 0, 0, 0, 0, 0, 0, 0, 63, 0, 11, 19, 93
"c:\Users\kevin\OneDrive\Desktop\Proyecto de Programación\Proyectos Personales\webBCommerce\BCommerceFontEnd\src\presentation\hooks\index.ts", "TypeScript", 0, 0, 0, 10, 0, 0, 0, 0, 0, 0, 0, 0, 10
"c:\Users\kevin\OneDrive\Desktop\Proyecto de Programación\Proyectos Personales\webBCommerce\BCommerceFontEnd\src\presentation\hooks\useAuth.ts", "TypeScript", 0, 0, 0, 145, 0, 0, 0, 0, 0, 0, 30, 23, 198
"c:\Users\kevin\OneDrive\Desktop\Proyecto de Programación\Proyectos Personales\webBCommerce\BCommerceFontEnd\src\presentation\hooks\useCart.ts", "TypeScript", 0, 0, 0, 65, 0, 0, 0, 0, 0, 0, 2, 9, 76
"c:\Users\kevin\OneDrive\Desktop\Proyecto de Programación\Proyectos Personales\webBCommerce\BCommerceFontEnd\src\presentation\hooks\useCategories.ts", "TypeScript", 0, 0, 0, 314, 0, 0, 0, 0, 0, 0, 53, 65, 432
"c:\Users\kevin\OneDrive\Desktop\Proyecto de Programación\Proyectos Personales\webBCommerce\BCommerceFontEnd\src\presentation\hooks\useFavorites.ts", "TypeScript", 0, 0, 0, 6, 0, 0, 0, 0, 0, 0, 0, 2, 8
"c:\Users\kevin\OneDrive\Desktop\Proyecto de Programación\Proyectos Personales\webBCommerce\BCommerceFontEnd\src\presentation\hooks\useFilterState.ts", "TypeScript", 0, 0, 0, 109, 0, 0, 0, 0, 0, 0, 14, 18, 141
"c:\Users\kevin\OneDrive\Desktop\Proyecto de Programación\Proyectos Personales\webBCommerce\BCommerceFontEnd\src\presentation\hooks\useNotifications.ts", "TypeScript", 0, 0, 0, 6, 0, 0, 0, 0, 0, 0, 0, 2, 8
"c:\Users\kevin\OneDrive\Desktop\Proyecto de Programación\Proyectos Personales\webBCommerce\BCommerceFontEnd\src\presentation\hooks\useProductFilters.ts", "TypeScript", 0, 0, 0, 255, 0, 0, 0, 0, 0, 0, 27, 43, 325
"c:\Users\kevin\OneDrive\Desktop\Proyecto de Programación\Proyectos Personales\webBCommerce\BCommerceFontEnd\src\presentation\hooks\useProductSearch.ts", "TypeScript", 0, 0, 0, 64, 0, 0, 0, 0, 0, 0, 9, 16, 89
"c:\Users\kevin\OneDrive\Desktop\Proyecto de Programación\Proyectos Personales\webBCommerce\BCommerceFontEnd\src\presentation\hooks\useProducts.ts", "TypeScript", 0, 0, 0, 390, 0, 0, 0, 0, 0, 0, 55, 65, 510
"c:\Users\kevin\OneDrive\Desktop\Proyecto de Programación\Proyectos Personales\webBCommerce\BCommerceFontEnd\src\presentation\hooks\useTheme.ts", "TypeScript", 0, 0, 0, 10, 0, 0, 0, 0, 0, 0, 4, 4, 18
"c:\Users\kevin\OneDrive\Desktop\Proyecto de Programación\Proyectos Personales\webBCommerce\BCommerceFontEnd\src\presentation\layouts\AdminLayout.tsx", "TypeScript JSX", 0, 0, 0, 0, 0, 0, 0, 0, 99, 0, 11, 13, 123
"c:\Users\kevin\OneDrive\Desktop\Proyecto de Programación\Proyectos Personales\webBCommerce\BCommerceFontEnd\src\presentation\layouts\DashboardLayout.tsx", "TypeScript JSX", 0, 0, 0, 0, 0, 0, 0, 0, 155, 0, 10, 11, 176
"c:\Users\kevin\OneDrive\Desktop\Proyecto de Programación\Proyectos Personales\webBCommerce\BCommerceFontEnd\src\presentation\layouts\MainLayout.tsx", "TypeScript JSX", 0, 0, 0, 0, 0, 0, 0, 0, 39, 0, 7, 8, 54
"c:\Users\kevin\OneDrive\Desktop\Proyecto de Programación\Proyectos Personales\webBCommerce\BCommerceFontEnd\src\presentation\layouts\SellerLayout.tsx", "TypeScript JSX", 0, 0, 0, 0, 0, 0, 0, 0, 53, 0, 8, 8, 69
"c:\Users\kevin\OneDrive\Desktop\Proyecto de Programación\Proyectos Personales\webBCommerce\BCommerceFontEnd\src\presentation\layouts\groups\adminGroups.tsx", "TypeScript JSX", 0, 0, 0, 0, 0, 0, 0, 0, 145, 0, 0, 4, 149
"c:\Users\kevin\OneDrive\Desktop\Proyecto de Programación\Proyectos Personales\webBCommerce\BCommerceFontEnd\src\presentation\layouts\groups\sellerGroups.tsx", "TypeScript JSX", 0, 0, 0, 0, 0, 0, 0, 0, 112, 0, 0, 4, 116
"c:\Users\kevin\OneDrive\Desktop\Proyecto de Programación\Proyectos Personales\webBCommerce\BCommerceFontEnd\src\presentation\pages\AboutUsPage.tsx", "TypeScript JSX", 0, 0, 0, 0, 0, 0, 0, 0, 260, 0, 7, 26, 293
"c:\Users\kevin\OneDrive\Desktop\Proyecto de Programación\Proyectos Personales\webBCommerce\BCommerceFontEnd\src\presentation\pages\CartPage.tsx", "TypeScript JSX", 0, 0, 0, 0, 0, 0, 0, 0, 298, 0, 24, 34, 356
"c:\Users\kevin\OneDrive\Desktop\Proyecto de Programación\Proyectos Personales\webBCommerce\BCommerceFontEnd\src\presentation\pages\CategoryPage.tsx", "TypeScript JSX", 0, 0, 0, 0, 0, 0, 0, 0, 114, 0, 5, 15, 134
"c:\Users\kevin\OneDrive\Desktop\Proyecto de Programación\Proyectos Personales\webBCommerce\BCommerceFontEnd\src\presentation\pages\ContactPage.tsx", "TypeScript JSX", 0, 0, 0, 0, 0, 0, 0, 0, 317, 0, 9, 23, 349
"c:\Users\kevin\OneDrive\Desktop\Proyecto de Programación\Proyectos Personales\webBCommerce\BCommerceFontEnd\src\presentation\pages\FAQPage.tsx", "TypeScript JSX", 0, 0, 0, 0, 0, 0, 0, 0, 72, 0, 1, 3, 76
"c:\Users\kevin\OneDrive\Desktop\Proyecto de Programación\Proyectos Personales\webBCommerce\BCommerceFontEnd\src\presentation\pages\FavoritePage.tsx", "TypeScript JSX", 0, 0, 0, 0, 0, 0, 0, 0, 242, 0, 19, 22, 283
"c:\Users\kevin\OneDrive\Desktop\Proyecto de Programación\Proyectos Personales\webBCommerce\BCommerceFontEnd\src\presentation\pages\ForgotPasswordPage.tsx", "TypeScript JSX", 0, 0, 0, 0, 0, 0, 0, 0, 308, 0, 17, 34, 359
"c:\Users\kevin\OneDrive\Desktop\Proyecto de Programación\Proyectos Personales\webBCommerce\BCommerceFontEnd\src\presentation\pages\HomePage.tsx", "TypeScript JSX", 0, 0, 0, 0, 0, 0, 0, 0, 311, 0, 7, 18, 336
"c:\Users\kevin\OneDrive\Desktop\Proyecto de Programación\Proyectos Personales\webBCommerce\BCommerceFontEnd\src\presentation\pages\LoginPage.tsx", "TypeScript JSX", 0, 0, 0, 0, 0, 0, 0, 0, 193, 0, 10, 23, 226
"c:\Users\kevin\OneDrive\Desktop\Proyecto de Programación\Proyectos Personales\webBCommerce\BCommerceFontEnd\src\presentation\pages\NotFoundPage.tsx", "TypeScript JSX", 0, 0, 0, 0, 0, 0, 0, 0, 32, 0, 0, 2, 34
"c:\Users\kevin\OneDrive\Desktop\Proyecto de Programación\Proyectos Personales\webBCommerce\BCommerceFontEnd\src\presentation\pages\ProductItemPage.tsx", "TypeScript JSX", 0, 0, 0, 0, 0, 0, 0, 0, 410, 0, 19, 28, 457
"c:\Users\kevin\OneDrive\Desktop\Proyecto de Programación\Proyectos Personales\webBCommerce\BCommerceFontEnd\src\presentation\pages\ProductPage.tsx", "TypeScript JSX", 0, 0, 0, 0, 0, 0, 0, 0, 377, 0, 34, 53, 464
"c:\Users\kevin\OneDrive\Desktop\Proyecto de Programación\Proyectos Personales\webBCommerce\BCommerceFontEnd\src\presentation\pages\RegisterPage.tsx", "TypeScript JSX", 0, 0, 0, 0, 0, 0, 0, 0, 268, 0, 13, 31, 312
"c:\Users\kevin\OneDrive\Desktop\Proyecto de Programación\Proyectos Personales\webBCommerce\BCommerceFontEnd\src\presentation\pages\ResetPasswordPage.tsx", "TypeScript JSX", 0, 0, 0, 0, 0, 0, 0, 0, 209, 0, 25, 25, 259
"c:\Users\kevin\OneDrive\Desktop\Proyecto de Programación\Proyectos Personales\webBCommerce\BCommerceFontEnd\src\presentation\pages\UserProfilePage.tsx", "TypeScript JSX", 0, 0, 0, 0, 0, 0, 0, 0, 106, 0, 17, 15, 138
"c:\Users\kevin\OneDrive\Desktop\Proyecto de Programación\Proyectos Personales\webBCommerce\BCommerceFontEnd\src\presentation\pages\admin\AdminCategoriesPage.tsx", "TypeScript JSX", 0, 0, 0, 0, 0, 0, 0, 0, 568, 0, 28, 29, 625
"c:\Users\kevin\OneDrive\Desktop\Proyecto de Programación\Proyectos Personales\webBCommerce\BCommerceFontEnd\src\presentation\pages\admin\AdminDashboard.tsx", "TypeScript JSX", 0, 0, 0, 0, 0, 0, 0, 0, 436, 0, 15, 17, 468
"c:\Users\kevin\OneDrive\Desktop\Proyecto de Programación\Proyectos Personales\webBCommerce\BCommerceFontEnd\src\presentation\pages\admin\AdminOrdersPage.tsx", "TypeScript JSX", 0, 0, 0, 0, 0, 0, 0, 0, 965, 0, 34, 38, 1037
"c:\Users\kevin\OneDrive\Desktop\Proyecto de Programación\Proyectos Personales\webBCommerce\BCommerceFontEnd\src\presentation\pages\admin\AdminProductsPage.tsx", "TypeScript JSX", 0, 0, 0, 0, 0, 0, 0, 0, 629, 0, 24, 31, 684
"c:\Users\kevin\OneDrive\Desktop\Proyecto de Programación\Proyectos Personales\webBCommerce\BCommerceFontEnd\src\presentation\pages\admin\AdminRatingsPage.tsx", "TypeScript JSX", 0, 0, 0, 0, 0, 0, 0, 0, 963, 0, 21, 37, 1021
"c:\Users\kevin\OneDrive\Desktop\Proyecto de Programación\Proyectos Personales\webBCommerce\BCommerceFontEnd\src\presentation\pages\admin\AdminSellersPage.tsx", "TypeScript JSX", 0, 0, 0, 0, 0, 0, 0, 0, 592, 0, 25, 30, 647
"c:\Users\kevin\OneDrive\Desktop\Proyecto de Programación\Proyectos Personales\webBCommerce\BCommerceFontEnd\src\presentation\pages\admin\AdminShippingPage.tsx", "TypeScript JSX", 0, 0, 0, 0, 0, 0, 0, 0, 1311, 0, 41, 46, 1398
"c:\Users\kevin\OneDrive\Desktop\Proyecto de Programación\Proyectos Personales\webBCommerce\BCommerceFontEnd\src\presentation\pages\admin\AdminUsersPage.tsx", "TypeScript JSX", 0, 0, 0, 0, 0, 0, 0, 0, 363, 0, 16, 18, 397
"c:\Users\kevin\OneDrive\Desktop\Proyecto de Programación\Proyectos Personales\webBCommerce\BCommerceFontEnd\src\presentation\pages\seller\SellerDashboard.tsx", "TypeScript JSX", 0, 0, 0, 0, 0, 0, 0, 0, 372, 0, 15, 14, 401
"c:\Users\kevin\OneDrive\Desktop\Proyecto de Programación\Proyectos Personales\webBCommerce\BCommerceFontEnd\src\presentation\pages\seller\SellerProductCreatePage.tsx", "TypeScript JSX", 0, 0, 0, 0, 0, 0, 0, 0, 354, 0, 26, 32, 412
"c:\Users\kevin\OneDrive\Desktop\Proyecto de Programación\Proyectos Personales\webBCommerce\BCommerceFontEnd\src\presentation\pages\seller\SellerProductsPage.tsx", "TypeScript JSX", 0, 0, 0, 0, 0, 0, 0, 0, 376, 0, 13, 18, 407
"c:\Users\kevin\OneDrive\Desktop\Proyecto de Programación\Proyectos Personales\webBCommerce\BCommerceFontEnd\src\presentation\types\ProductFilterParams.ts", "TypeScript", 0, 0, 0, 7, 0, 0, 0, 0, 0, 0, 17, 5, 29
"c:\Users\kevin\OneDrive\Desktop\Proyecto de Programación\Proyectos Personales\webBCommerce\BCommerceFontEnd\src\routes\AdminRoute.tsx", "TypeScript JSX", 0, 0, 0, 0, 0, 0, 0, 0, 56, 0, 12, 11, 79
"c:\Users\kevin\OneDrive\Desktop\Proyecto de Programación\Proyectos Personales\webBCommerce\BCommerceFontEnd\src\routes\AppRoute.tsx", "TypeScript JSX", 0, 0, 0, 0, 0, 0, 0, 0, 256, 0, 141, 12, 409
"c:\Users\kevin\OneDrive\Desktop\Proyecto de Programación\Proyectos Personales\webBCommerce\BCommerceFontEnd\src\routes\AuthRoute.tsx", "TypeScript JSX", 0, 0, 0, 0, 0, 0, 0, 0, 21, 0, 7, 7, 35
"c:\Users\kevin\OneDrive\Desktop\Proyecto de Programación\Proyectos Personales\webBCommerce\BCommerceFontEnd\src\routes\PrivateRoute.tsx", "TypeScript JSX", 0, 0, 0, 0, 0, 0, 0, 0, 26, 0, 5, 5, 36
"c:\Users\kevin\OneDrive\Desktop\Proyecto de Programación\Proyectos Personales\webBCommerce\BCommerceFontEnd\src\routes\PublicRoute.tsx", "TypeScript JSX", 0, 0, 0, 0, 0, 0, 0, 0, 8, 0, 6, 4, 18
"c:\Users\kevin\OneDrive\Desktop\Proyecto de Programación\Proyectos Personales\webBCommerce\BCommerceFontEnd\src\routes\SellerRoute.tsx", "TypeScript JSX", 0, 0, 0, 0, 0, 0, 0, 0, 56, 0, 12, 12, 80
"c:\Users\kevin\OneDrive\Desktop\Proyecto de Programación\Proyectos Personales\webBCommerce\BCommerceFontEnd\src\styles\dark-mode.css", "CSS", 0, 0, 0, 0, 0, 0, 0, 0, 0, 370, 51, 96, 517
"c:\Users\kevin\OneDrive\Desktop\Proyecto de Programación\Proyectos Personales\webBCommerce\BCommerceFontEnd\src\styles\main.css", "CSS", 0, 0, 0, 0, 0, 0, 0, 0, 0, 70, 4, 18, 92
"c:\Users\kevin\OneDrive\Desktop\Proyecto de Programación\Proyectos Personales\webBCommerce\BCommerceFontEnd\src\styles\tailwind.css", "CSS", 0, 0, 0, 0, 0, 0, 0, 0, 0, 53, 8, 15, 76
"c:\Users\kevin\OneDrive\Desktop\Proyecto de Programación\Proyectos Personales\webBCommerce\BCommerceFontEnd\src\utils\apiHealthCheck.ts", "TypeScript", 0, 0, 0, 203, 0, 0, 0, 0, 0, 0, 23, 25, 251
"c:\Users\kevin\OneDrive\Desktop\Proyecto de Programación\Proyectos Personales\webBCommerce\BCommerceFontEnd\src\utils\apiResponseInspector.ts", "TypeScript", 0, 0, 0, 118, 0, 0, 0, 0, 0, 0, 26, 29, 173
"c:\Users\kevin\OneDrive\Desktop\Proyecto de Programación\Proyectos Personales\webBCommerce\BCommerceFontEnd\src\utils\categoryUtils.ts", "TypeScript", 0, 0, 0, 31, 0, 0, 0, 0, 0, 0, 14, 6, 51
"c:\Users\kevin\OneDrive\Desktop\Proyecto de Programación\Proyectos Personales\webBCommerce\BCommerceFontEnd\src\utils\formatters\currencyFormatter.ts", "TypeScript", 0, 0, 0, 0, 0, 0, 0, 0, 0, 0, 0, 1, 1
"c:\Users\kevin\OneDrive\Desktop\Proyecto de Programación\Proyectos Personales\webBCommerce\BCommerceFontEnd\src\utils\formatters\dateFormatter.ts", "TypeScript", 0, 0, 0, 0, 0, 0, 0, 0, 0, 0, 0, 1, 1
"c:\Users\kevin\OneDrive\Desktop\Proyecto de Programación\Proyectos Personales\webBCommerce\BCommerceFontEnd\src\utils\helpers.ts", "TypeScript", 0, 0, 0, 0, 0, 0, 0, 0, 0, 0, 0, 1, 1
"c:\Users\kevin\OneDrive\Desktop\Proyecto de Programación\Proyectos Personales\webBCommerce\BCommerceFontEnd\src\utils\productAdapter.ts", "TypeScript", 0, 0, 0, 93, 0, 0, 0, 0, 0, 0, 16, 12, 121
"c:\Users\kevin\OneDrive\Desktop\Proyecto de Programación\Proyectos Personales\webBCommerce\BCommerceFontEnd\src\utils\validators\formValidation.ts", "TypeScript", 0, 0, 0, 0, 0, 0, 0, 0, 0, 0, 0, 1, 1
"c:\Users\kevin\OneDrive\Desktop\Proyecto de Programación\Proyectos Personales\webBCommerce\BCommerceFontEnd\tailwind-darkmode-plugin.js", "JavaScript", 0, 0, 0, 0, 0, 0, 9, 0, 0, 0, 0, 3, 12
"c:\Users\kevin\OneDrive\Desktop\Proyecto de Programación\Proyectos Personales\webBCommerce\BCommerceFontEnd\tailwind.config.js", "JavaScript", 0, 0, 0, 0, 0, 0, 45, 0, 0, 0, 2, 0, 47
"c:\Users\kevin\OneDrive\Desktop\Proyecto de Programación\Proyectos Personales\webBCommerce\BCommerceFontEnd\tsconfig.json", "JSON with Comments", 0, 0, 0, 0, 39, 0, 0, 0, 0, 0, 4, 1, 44
"c:\Users\kevin\OneDrive\Desktop\Proyecto de Programación\Proyectos Personales\webBCommerce\BCommerceFontEnd\tsconfig.node.json", "JSON", 0, 0, 0, 0, 0, 10, 0, 0, 0, 0, 0, 0, 10
"c:\Users\kevin\OneDrive\Desktop\Proyecto de Programación\Proyectos Personales\webBCommerce\BCommerceFontEnd\vite.config.ts", "TypeScript", 0, 0, 0, 24, 0, 0, 0, 0, 0, 0, 0, 2, 26
"Total", "-", 13, 2, 19, 5298, 39, 5219, 173, 58, 17973, 493, 2652, 2656, 34595